{"min": [-0.565227, -0.725366, -0.078085], "max": [0.607877, 0.838772, 0.063619]}