{"min": [-0.378235, -0.954778, -0.033766], "max": [0.375958, 0.868077, 0.085848]}