{"min": [-0.50406, -0.776352, -0.367137], "max": [0.534263, 0.783569, 0.409899]}