{"min": [-0.624701, -0.781762, -0.489109], "max": [0.544138, 0.707887, 0.206171]}