{"min": [-0.590817, -0.3878, -0.289413], "max": [0.630702, 1.008937, 0.23615]}